ticker,name,shares,cost_basis,current_price,market_value,weight_pct,sector
VOO,Vanguard S&P 500 ETF,15.41264,712.91,704.11,10852.19,11.26,US Equity
BND,Vanguard Total Bond Market ETF,138.14063,72.39,70.49,9738.04,10.1,Fixed Income
VEA,Vanguard FTSE Developed Markets ETF,121.7862,73.89,71.5,8707.43,9.03,International
GOVT,iShares U.S. Treasury Bond ETF,289.16906,22.48,21.88,6327.02,6.56,Fixed Income
USMV,iShares MSCI USA Min Vol Factor ETF,54.38544,101.13,97.79,5318.35,5.52,US Equity
C,Citigroup,35.90664,138.52,130.82,4697.31,4.87,Financials
JPM,JPMorgan Chase,13.7893,362.32,335.54,4626.92,4.8,Financials
VWO,Vanguard FTSE Emerging Markets ETF,74.79282,60.16,59.99,4486.82,4.66,International
AXP,American Express,14.61028,341.78,306.09,4472.06,4.64,Financials
GLD,SPDR Gold Shares,9.95421,401.84,383.54,3817.84,3.96,Commodities
NOC,Northrop Grumman,6.8341,585.42,491.23,3357.13,3.48,Industrials
LLY,Eli Lilly,2.54237,1179.73,1186.07,3015.44,3.13,Healthcare
UNH,UnitedHealth Group,7.46807,401.78,374.75,2798.66,2.9,Healthcare
TSM,Taiwan Semiconductor,5.87959,425.26,457.63,2690.68,2.79,International
PG,Procter & Gamble,17.30431,144.49,148.32,2566.58,2.66,Consumer Staples
NVDA,NVIDIA,11.12496,224.2,228.35,2540.42,2.64,Technology
VOX,Vanguard Communication Services ETF,13.21213,189.22,191.99,2536.6,2.63,Communication Services
VTIP,Vanguard Short-Term TIPS ETF,50.24116,49.76,49.23,2473.42,2.57,Fixed Income
PLD,Prologis,17.72672,141.03,132.61,2350.74,2.44,Real Estate
QQQ,Invesco QQQ Trust,2.73654,730.8,740.3,2025.86,2.1,US Equity
CGW,Invesco S&P Global Water ETF,30.58572,65.39,62.41,1908.72,1.98,Thematic
PHO,Invesco Water Resources ETF,27.78936,71.96,68.31,1898.29,1.97,Thematic
NEE,NextEra Energy,23.29645,85.86,76.06,1771.93,1.84,Utilities
CEG,Constellation Energy,5.30114,282.84,265.13,1405.49,1.46,Utilities
