date,trackingErrorBps
2019-01-02,229.04870886300884
2019-01-03,230.22319615922916
2019-01-04,229.71986787466417
2019-01-07,230.10922077024415
2019-01-08,230.21352453975646
2019-01-09,230.58286032088083
2019-01-10,230.51925471218368
2019-01-11,230.621972363021
2019-01-14,230.6250696269578
2019-01-15,230.6044825496021
2019-01-16,230.70090242515232
2019-01-17,231.26552241981258
2019-01-18,231.40765302009848
2019-01-22,231.3882903622887
2019-01-23,231.3798979181904
2019-01-24,232.47953202279282
2019-01-25,232.78721145545452
2019-01-28,233.15989711790417
2019-01-29,234.0951939310783
2019-01-30,234.37121910346713
2019-01-31,234.16560422828093
2019-02-01,233.3702077374887
2019-02-04,216.82646227316275
2019-02-05,191.76289069603774
2019-02-06,189.83132458577606
2019-02-07,189.77843725406214
2019-02-08,189.8114894004953
2019-02-11,190.24632933741648
2019-02-12,189.9581580922006
2019-02-13,189.841993741614
2019-02-14,189.88935657044834
2019-02-15,190.93672105396791
2019-02-19,192.12533473681106
2019-02-20,192.15499281824734
2019-02-21,193.31467549788533
2019-02-22,193.5422836400507
2019-02-25,193.84916567834534
2019-02-26,194.85669910030964
2019-02-27,193.4722117099915
2019-02-28,193.09982355575647
2019-03-01,193.28095901745002
2019-03-04,193.15159469177445
2019-03-05,193.1886589887772
2019-03-06,193.24362372275417
2019-03-07,193.24988638497697
2019-03-08,193.35686275313975
2019-03-11,192.69199055770605
2019-03-12,192.20232320675123
2019-03-13,192.43032559029538
2019-03-14,192.3107655426744
2019-03-15,192.29574124494087
2019-03-18,192.89125808466025
2019-03-19,192.64867845697484
2019-03-20,192.303114356363
2019-03-21,192.8808182540622
2019-03-22,193.13233172539606
2019-03-25,193.133498612547
2019-03-26,193.17250951750432
2019-03-27,193.0606643659554
2019-03-28,193.02890787234588
2019-03-29,192.7133938471555
2019-04-01,192.6355957170895
2019-04-02,192.65166721057653
2019-04-03,192.89777696215015
2019-04-04,192.8139815508281
2019-04-05,191.99292240364034
2019-04-08,189.5565579219183
2019-04-09,189.30484338845358
2019-04-10,189.45244128060727
2019-04-11,189.421704821375
2019-04-12,189.78281720905932
2019-04-15,189.46137188707502
2019-04-16,189.53740903598668
2019-04-17,189.62483111627435
2019-04-18,189.62412789273978
2019-04-22,190.04903456887243
2019-04-23,189.4745852071772
2019-04-24,189.493477647433
2019-04-25,189.21333242692236
2019-04-26,189.51932716899245
2019-04-29,189.51621157210542
2019-04-30,189.22970758301884
2019-05-01,190.37411228550476
2019-05-02,190.40002075541292
2019-05-03,190.30055675139366
2019-05-06,190.30560248375295
2019-05-07,190.39380872599682
2019-05-08,190.38025366356118
2019-05-09,190.3120248190048
2019-05-10,190.54350139054435
2019-05-13,189.46742617596485
2019-05-14,189.4870495003842
2019-05-15,190.30774213897087
2019-05-16,190.36990262075832
2019-05-17,189.9020814942531
2019-05-20,190.50250323542693
2019-05-21,190.22175975197553
2019-05-22,190.1613451741559
2019-05-23,190.1613357184606
2019-05-24,190.94468880011155
2019-05-28,190.70939982286606
2019-05-29,190.10688292200396
2019-05-30,190.12806849382366
2019-05-31,190.4968442072142
2019-06-03,190.50270054502832
2019-06-04,190.2447002409236
2019-06-05,189.66180063232252
2019-06-06,189.75077842955955
2019-06-07,189.6167448399584
2019-06-10,189.3770879718016
2019-06-11,189.20798474101437
2019-06-12,188.85341611509352
2019-06-13,183.81506880787407
2019-06-14,182.9434597664597
2019-06-17,182.36530357954103
2019-06-18,183.28437331601512
2019-06-19,182.6861295732436
2019-06-20,182.3515738821502
2019-06-21,182.60587370025192
2019-06-24,182.50399490223182
2019-06-25,182.58426424137542
2019-06-26,182.39849553709914
2019-06-27,182.02227863232477
2019-06-28,181.58702656448477
2019-07-01,181.02057563739467
2019-07-02,181.0287108769075
2019-07-03,180.56466664520698
2019-07-05,177.8574896408473
2019-07-08,177.56085244258924
2019-07-09,177.43583887254755
2019-07-10,172.90579185164597
2019-07-11,172.7380984054169
2019-07-12,172.5890223538323
2019-07-15,172.2204274705957
2019-07-16,172.52509397450297
2019-07-17,172.56106297551577
2019-07-18,172.37574386902745
2019-07-19,171.3527928362392
2019-07-22,170.87109290103882
2019-07-23,171.15645375851415
2019-07-24,171.03358651199403
2019-07-25,171.23912465725778
2019-07-26,170.74251250913667
2019-07-29,170.90422659512103
2019-07-30,171.28233242156193
2019-07-31,170.57941753980842
2019-08-01,170.48396970238122
2019-08-02,170.40297005474534
2019-08-05,171.77310710301833
2019-08-06,171.61197215215162
2019-08-07,172.13344672111361
2019-08-08,171.67182938728405
2019-08-09,172.01272272856474
2019-08-12,171.9593387614364
2019-08-13,171.16159061499363
2019-08-14,171.1117404017284
2019-08-15,171.02051357784973
2019-08-16,170.97285988227716
2019-08-19,170.82043989144685
2019-08-20,170.85553117685126
2019-08-21,171.2656698835969
2019-08-22,171.44244817328763
2019-08-23,171.21759738077793
2019-08-26,172.08934236637677
2019-08-27,171.42386955329246
2019-08-28,170.1512888055476
2019-08-29,170.05388080763865
2019-08-30,168.82846289265262
2019-09-03,169.39567040306366
2019-09-04,170.55972837102692
2019-09-05,171.97144038437125
2019-09-06,172.0303886888214
2019-09-09,171.6731826561513
2019-09-10,171.62006810847208
2019-09-11,171.3631182813127
2019-09-12,171.2611532646523
2019-09-13,171.5190973604643
2019-09-16,171.14405765222992
2019-09-17,172.5649558186933
2019-09-18,173.6764969473567
2019-09-19,174.1915596120727
2019-09-20,174.68521363277574
2019-09-23,173.54313214064692
2019-09-24,172.9556167877505
2019-09-25,172.7763424557178
2019-09-26,172.83788034057508
2019-09-27,173.39954380233627
2019-09-30,172.49841666650923
2019-10-01,172.42867863573136
2019-10-02,173.2993487955478
2019-10-03,173.46906977828934
2019-10-04,173.28167628584032
2019-10-07,173.00067209642268
2019-10-08,172.64743316591648
2019-10-09,171.9270390893199
2019-10-10,171.570172498265
2019-10-11,172.180352381366
2019-10-14,172.43683306323274
2019-10-15,172.3726895031672
2019-10-16,172.91226991587246
2019-10-17,173.02201495609222
2019-10-18,172.65235595140697
2019-10-21,172.71955187830596
2019-10-22,171.63885807378506
2019-10-23,172.02901770483928
2019-10-24,171.75431702357596
2019-10-25,171.84933583961572
2019-10-28,172.2395338556696
2019-10-29,171.9831518436171
2019-10-30,172.39526845120017
2019-10-31,172.30774762540656
2019-11-01,172.9178374374332
2019-11-04,173.17587240140747
2019-11-05,173.0915318240798
2019-11-06,172.8085445455361
2019-11-07,172.62356405307912
2019-11-08,172.59599453752773
2019-11-11,172.48331996281004
2019-11-12,172.56386432373475
2019-11-13,172.59840202057825
2019-11-14,171.43323673822903
2019-11-15,171.2949200378381
2019-11-18,171.29705453262076
2019-11-19,171.41733753010428
2019-11-20,171.37463744867415
2019-11-21,171.34189643959306
2019-11-22,171.23253588182382
2019-11-25,171.11209462311814
2019-11-26,171.0745179050681
2019-11-27,170.51522210398494
2019-11-29,170.39181514262702
2019-12-02,170.35270999566507
2019-12-03,171.85797780910582
2019-12-04,171.8615461355273
2019-12-05,171.60940853868857
2019-12-06,171.80321668575465
2019-12-09,171.74076176544264
2019-12-10,171.70589169828165
2019-12-11,171.55841296274735
2019-12-12,171.7717070403368
2019-12-13,172.0286606911405
2019-12-16,172.04264669471453
2019-12-17,171.21153732135502
2019-12-18,170.7715891708144
2019-12-19,170.0600544309601
2019-12-20,169.8737310203999
2019-12-23,170.01068741717023
2019-12-24,169.98700090063144
2019-12-26,170.3145227596362
2019-12-27,170.33280194972278
2019-12-30,167.7665290660885
2019-12-31,167.51873029363512
2020-01-02,167.9146896203976
2020-01-03,167.52494052706842
2020-01-06,167.33711177890146
2020-01-07,167.6229480794827
2020-01-08,167.78537506730942
2020-01-09,167.61603673675353
2020-01-10,167.40855651649846
2020-01-13,167.33277974483863
2020-01-14,167.51349146537058
2020-01-15,166.74817794668562
2020-01-16,166.41454437701827
2020-01-17,166.34402903729563
2020-01-21,166.47279357185977
2020-01-22,164.82928088736853
2020-01-23,164.5315236938005
2020-01-24,165.04695583273204
2020-01-27,164.58953083789055
2020-01-28,164.8318038488917
2020-01-29,164.54113517032104
2020-01-30,164.74505568714153
2020-01-31,164.31280721606385
2020-02-03,164.88428906630458
2020-02-04,165.4142224288918
2020-02-05,166.65928853091827
2020-02-06,166.4849311343857
2020-02-07,165.8708131937912
2020-02-10,166.506115125223
2020-02-11,167.10201309492336
2020-02-12,167.35213006904536
2020-02-13,166.77966175627944
2020-02-14,165.3697536429593
2020-02-18,165.44277755789693
2020-02-19,163.9077877292657
2020-02-20,164.6477165330757
2020-02-21,164.27819033784155
2020-02-24,164.52209356867385
2020-02-25,164.41315794117557
2020-02-26,164.34364681044073
2020-02-27,165.11336756115907
2020-02-28,168.26587947809315
2020-03-02,168.3745301342583
2020-03-03,172.89918812536015
2020-03-04,177.01127440329398
2020-03-05,176.9386046386039
2020-03-06,177.37730845017145
2020-03-09,199.94907854607976
2020-03-10,203.4767154828336
2020-03-11,203.5676690040431
2020-03-12,219.66238079352084
2020-03-13,224.81302863251284
2020-03-16,238.09935630962474
2020-03-17,244.90603251407134
2020-03-18,258.222948294878
2020-03-19,282.4556179949685
2020-03-20,283.6739747914262
2020-03-23,283.65951062307516
2020-03-24,284.3254686997748
2020-03-25,284.45433465218815
2020-03-26,293.8058400227965
2020-03-27,319.428437155826
2020-03-30,319.74599053193504
2020-03-31,319.75614947867854
2020-04-01,352.94227407214663
2020-04-02,382.4091219063919
2020-04-03,394.2671301340304
2020-04-06,397.8051359100785
2020-04-07,403.4427743240283
2020-04-08,404.30464862250136
2020-04-09,407.73598267183576
2020-04-13,408.7157405104031
2020-04-14,408.67287058964934
2020-04-15,408.64536857598733
2020-04-16,412.8757761637073
2020-04-17,416.6794875124214
2020-04-20,419.1583331874857
2020-04-21,428.73439629026495
2020-04-22,516.7720344902654
2020-04-23,516.7043279919059
2020-04-24,517.6291237157072
2020-04-27,528.9508934138937
2020-04-28,529.4269121921782
2020-04-29,529.5088898201484
2020-04-30,530.2332020230081
2020-05-01,530.9110294337892
2020-05-04,531.3087372289683
2020-05-05,531.3259297955101
2020-05-06,532.0654504590107
2020-05-07,532.8695955311483
2020-05-08,532.9094745861997
2020-05-11,533.1210642121792
2020-05-12,532.9245840917727
2020-05-13,532.8413397744227
2020-05-14,533.672171070028
2020-05-15,535.734729886628
2020-05-18,537.3964893376334
2020-05-19,537.6462655370101
2020-05-20,537.6960635697537
2020-05-21,547.2295045038765
2020-05-22,547.888839071115
2020-05-26,547.5991346718354
2020-05-27,547.7752822443648
2020-05-28,547.4664845852889
2020-05-29,547.5897855446938
2020-06-01,547.7128633763609
2020-06-02,547.8981508520945
2020-06-03,547.7540373380159
2020-06-04,547.817299808764
2020-06-05,548.0719447925704
2020-06-08,548.8766244466707
2020-06-09,548.7524124345929
2020-06-10,550.4357748987456
2020-06-11,550.9392930080306
2020-06-12,551.3773631004129
2020-06-15,551.0432643651275
2020-06-16,550.6772711456048
2020-06-17,550.5887774774732
2020-06-18,550.5951990722345
2020-06-19,551.5788995661603
2020-06-22,551.5092140209116
2020-06-23,551.5128831169367
2020-06-24,551.3405719956802
2020-06-25,551.169899056588
2020-06-26,551.3386850051892
2020-06-29,551.3929108538578
2020-06-30,551.4937110741378
2020-07-01,551.5587292480615
2020-07-02,551.336309380468
2020-07-06,551.3353538646664
2020-07-07,551.0329574074635
2020-07-08,551.0727354361279
2020-07-09,551.0702724162477
2020-07-10,551.1614365589279
2020-07-13,551.9065494222888
2020-07-14,551.9666286298402
2020-07-15,552.0360254273555
2020-07-16,552.0389333635403
2020-07-17,552.2311443529319
2020-07-20,552.0993100023123
2020-07-21,552.0527374623961
2020-07-22,553.1607352864072
2020-07-23,553.1883675613244
2020-07-24,553.1968526327734
2020-07-27,553.5157173244523
2020-07-28,553.5591416014089
2020-07-29,553.512281101747
2020-07-30,553.6798812141515
2020-07-31,553.151372847697
2020-08-03,553.2189951565321
2020-08-04,553.8167121647979
2020-08-05,553.7613158522717
2020-08-06,553.8846965022555
2020-08-07,553.8152055524815
2020-08-10,553.8067510079404
2020-08-11,554.3290230719703
2020-08-12,554.4769316479313
2020-08-13,555.0527754394241
2020-08-14,555.044454644123
2020-08-17,555.1652054689424
2020-08-18,555.3330740657307
2020-08-19,555.3311590371077
2020-08-20,555.3161314469553
2020-08-21,555.0149936585299
2020-08-24,554.9194752074454
2020-08-25,554.9492563871045
2020-08-26,554.9346742952015
2020-08-27,555.6711658671055
2020-08-28,555.1284930077225
2020-08-31,555.0700123856277
2020-09-01,554.8282266599571
2020-09-02,555.2532554486636
2020-09-03,555.2271151868889
2020-09-04,555.2362500962148
2020-09-08,555.234546736503
2020-09-09,555.2194847109052
2020-09-10,555.3730696656957
2020-09-11,555.4932210670606
2020-09-14,555.0041149997934
2020-09-15,555.0758127516485
2020-09-16,554.8665212455377
2020-09-17,554.655519002706
2020-09-18,554.3660683028295
2020-09-21,554.3726559031575
2020-09-22,554.4013550985043
2020-09-23,554.4492005394841
2020-09-24,554.6950054604209
2020-09-25,555.0832839729127
2020-09-28,555.0821940319363
2020-09-29,554.4173010549904
2020-09-30,554.4547783537456
2020-10-01,554.5468730684751
2020-10-02,554.5133851126059
2020-10-05,554.5307266460561
2020-10-06,554.5199035152472
2020-10-07,554.5308596710893
2020-10-08,554.3358443030373
2020-10-09,554.6159045603212
2020-10-12,554.6949884613118
2020-10-13,554.5955039324674
2020-10-14,554.5429827535901
2020-10-15,554.5162736675517
2020-10-16,554.4787542735017
2020-10-19,554.4855645148183
2020-10-20,554.388135214181
2020-10-21,554.6115027400057
2020-10-22,554.7643993578984
2020-10-23,555.005139383727
2020-10-26,555.0631419062919
2020-10-27,554.8720226746836
2020-10-28,554.8731093308838
2020-10-29,554.7496012836131
2020-10-30,554.6767218334708
2020-11-02,555.1425192389146
2020-11-03,554.7774633562218
2020-11-04,554.9874954697746
2020-11-05,554.9848631412091
2020-11-06,555.0068654685946
2020-11-09,554.9691535264221
2020-11-10,555.1045858524064
2020-11-11,555.3143946815005
2020-11-12,555.3258555985667
2020-11-13,555.1543477572427
2020-11-16,555.144816142428
2020-11-17,555.0215127761217
2020-11-18,555.0524329298436
2020-11-19,555.046310941771
2020-11-20,555.067255748555
2020-11-23,555.0743244230657
2020-11-24,555.0803706124132
2020-11-25,555.1380934717265
2020-11-27,555.1516168301756
2020-11-30,554.1074336549443
2020-12-01,554.2406174363546
2020-12-02,554.4054327173287
2020-12-03,554.4522607050476
2020-12-04,554.4835511281811
2020-12-07,554.7156375191648
2020-12-08,554.6060135770288
2020-12-09,555.017375746444
2020-12-10,554.9513661165963
2020-12-11,554.9661531465415
2020-12-14,555.1424184527328
2020-12-15,555.1484034300435
2020-12-16,555.1934921580778
2020-12-17,555.2715949333568
2020-12-18,555.2358868818535
2020-12-21,555.3863346294529
2020-12-22,555.3350814163259
2020-12-23,555.310703319217
2020-12-24,555.1852790097063
2020-12-28,554.7009469497533
2020-12-29,554.6765533507478
2020-12-30,554.6572835598371
2020-12-31,554.6743898899342
2021-01-04,554.3603497263548
2021-01-05,555.0835782608027
2021-01-06,555.0781122315842
2021-01-07,555.7538008806814
2021-01-08,556.2945786795982
2021-01-11,556.8387584640801
2021-01-12,556.9777154306795
2021-01-13,557.3996114312333
2021-01-14,557.384355968553
2021-01-15,557.5108625073099
2021-01-19,557.6112292266458
2021-01-20,557.6083368965368
2021-01-21,557.2867904174078
2021-01-22,557.0809918033226
2021-01-25,557.3016846299033
2021-01-26,557.2698360981575
2021-01-27,557.3357324655819
2021-01-28,557.3996763925088
2021-01-29,556.9916139428714
2021-02-01,557.3933361167645
2021-02-02,557.1778761383786
2021-02-03,556.7611416592188
2021-02-04,556.8125141785669
2021-02-05,556.5236373309832
2021-02-08,556.4511559814271
2021-02-09,556.4134819963033
2021-02-10,556.3750493458075
2021-02-11,556.5772314996022
2021-02-12,556.4611167802597
2021-02-16,556.4660829581112
2021-02-17,556.1255690461619
2021-02-18,556.2601424886556
2021-02-19,555.6726944916047
2021-02-22,556.1397051683454
2021-02-23,556.1179523887515
2021-02-24,555.9261953829601
2021-02-25,555.2098086093837
2021-02-26,555.5571292473614
2021-03-01,553.8727270038269
2021-03-02,552.9152266914188
2021-03-03,553.4955453845503
2021-03-04,553.4900961402816
2021-03-05,546.6398994098938
2021-03-08,545.5006688381336
2021-03-09,545.4166398237211
2021-03-10,539.1195005907574
2021-03-11,536.5734462896918
2021-03-12,531.52654819929
2021-03-15,528.6320340492254
2021-03-16,522.4257809182394
2021-03-17,509.0184264128225
2021-03-18,508.3266450825792
2021-03-19,508.52396171854883
2021-03-22,508.26992866760355
2021-03-23,508.2413245693247
2021-03-24,503.16213013649804
2021-03-25,488.08200453577865
2021-03-26,487.98610447338996
2021-03-29,487.9432843335953
2021-03-30,463.9694052887954
2021-03-31,438.96426016940404
2021-04-01,427.70726899193835
2021-04-05,425.02210565864897
2021-04-06,420.13495099179335
2021-04-07,419.0572085191976
2021-04-08,416.3685171416513
2021-04-09,415.6140542326635
2021-04-12,416.4233668060319
2021-04-13,416.5156079950614
2021-04-14,412.7016117159914
2021-04-15,409.0714993588666
2021-04-16,406.7591034184752
2021-04-19,396.94647124986983
2021-04-20,272.70151796402195
2021-04-21,272.28701530301464
2021-04-22,270.4140245925063
2021-04-23,246.6844475368091
2021-04-26,244.9607883827975
2021-04-27,245.1381635206136
2021-04-28,243.2698714978528
2021-04-29,241.54644816829915
2021-04-30,241.45535914125028
2021-05-03,242.29924127315786
2021-05-04,241.28689856750066
2021-05-05,239.64181024784875
2021-05-06,239.64988832731655
2021-05-07,239.46413941606028
2021-05-10,239.5870856090877
2021-05-11,239.63967955408822
2021-05-12,237.3997167801143
2021-05-13,232.86322176958754
2021-05-14,229.84227575720678
2021-05-17,229.37952610232736
2021-05-18,229.32333288616044
2021-05-19,205.92841054812277
2021-05-20,204.12617959866964
2021-05-21,203.50590263177415
2021-05-24,202.72398320407692
2021-05-25,203.4071921387736
2021-05-26,202.84531842337108
2021-05-27,204.2904106647411
2021-05-28,203.7724031902733
2021-06-01,203.74493114492589
2021-06-02,203.94405115552934
2021-06-03,203.20299932816243
2021-06-04,201.2006546318002
2021-06-07,201.29961144079024
2021-06-08,196.09981065148602
2021-06-09,194.9605710721056
2021-06-10,193.54952531854906
2021-06-11,193.26170026121665
2021-06-14,193.33362377629075
2021-06-15,193.4847928432839
2021-06-16,193.42616628622304
2021-06-17,192.77209343687667
2021-06-18,193.04046722921967
2021-06-21,193.22807172600324
2021-06-22,193.23453729724213
2021-06-23,193.00472546071398
2021-06-24,192.16398225489417
2021-06-25,193.0384928232706
2021-06-28,192.2762728835401
2021-06-29,191.89655864176837
2021-06-30,191.8499504941091
2021-07-01,192.55005590164683
2021-07-02,192.55896191522004
2021-07-06,192.40628519046885
2021-07-07,192.39083183878293
2021-07-08,191.76640048639936
2021-07-09,189.64575139791845
2021-07-12,189.9579257441373
2021-07-13,189.9352718261494
2021-07-14,189.96716080988517
2021-07-15,189.4797559586512
2021-07-16,189.4421896440679
2021-07-19,189.3866438813519
2021-07-20,186.3608083756209
2021-07-21,186.257546158505
2021-07-22,186.29698640164654
2021-07-23,185.12619511657596
2021-07-26,185.07057590326377
2021-07-27,185.10237906693104
2021-07-28,185.41446541236706
2021-07-29,186.62245740995064
2021-07-30,187.2362161176259
2021-08-02,185.41708181131523
2021-08-03,185.9869494416519
2021-08-04,185.19259491168808
2021-08-05,185.02541228477352
2021-08-06,185.65089879648426
2021-08-09,183.38292987221064
2021-08-10,183.00050472086545
2021-08-11,182.32097581189035
2021-08-12,182.73291443847987
2021-08-13,182.2761477136151
2021-08-16,181.76563852414407
2021-08-17,181.48472002642595
2021-08-18,181.49184020392653
2021-08-19,181.46640210279728
2021-08-20,181.31328325341389
2021-08-23,181.44715475296874
2021-08-24,181.61469316158127
2021-08-25,179.63099301349536
2021-08-26,179.03644984425006
2021-08-27,178.67423785954296
2021-08-30,178.40465633643356
2021-08-31,177.36412753959596
2021-09-01,178.6534277085202
2021-09-02,179.35879090053567
2021-09-03,179.34499969368647
2021-09-07,180.31250750221741
2021-09-08,180.4492691807343
2021-09-09,180.28223589356878
2021-09-10,180.6892338849148
2021-09-13,179.74897155939948
2021-09-14,180.02640325935337
2021-09-15,180.25488550985105
2021-09-16,180.11020357541537
2021-09-17,180.2701435891408
2021-09-20,180.2572843404084
2021-09-21,180.87651702423918
2021-09-22,180.80597939123297
2021-09-23,179.13544225819064
2021-09-24,179.1361578531528
2021-09-27,178.9970325856386
2021-09-28,179.5286128989275
2021-09-29,179.29426790184073
2021-09-30,179.00711179166632
2021-10-01,178.98252645636398
2021-10-04,180.54647618731246
2021-10-05,180.5621409620738
2021-10-06,180.50955164138333
2021-10-07,178.7949224977423
2021-10-08,178.80021767652872
2021-10-11,178.91088193515992
2021-10-12,178.76769536654118
2021-10-13,179.02416075004538
2021-10-14,179.4472324092138
2021-10-15,181.16313025436727
2021-10-18,181.1655066757311
2021-10-19,180.26423851531843
2021-10-20,179.55632667431146
2021-10-21,179.93506089931827
2021-10-22,179.94438208966366
2021-10-25,179.90174128057794
2021-10-26,180.2264351236428
2021-10-27,180.663981722482
2021-10-28,182.34945894706874
2021-10-29,181.12845920031185
2021-11-01,181.0784554299345
2021-11-02,180.13839401713554
2021-11-03,181.6436060115189
2021-11-04,183.55473669700854
2021-11-05,183.73445872608704
2021-11-08,182.95070757652044
2021-11-09,182.54187396010542
2021-11-10,183.51638928733126
2021-11-11,183.61326950379282
2021-11-12,183.5988846876915
2021-11-15,183.92227528720178
2021-11-16,184.02118861096858
2021-11-17,184.6635177215331
2021-11-18,184.72794616148198
2021-11-19,184.66910849415478
2021-11-22,185.14402539347176
2021-11-23,185.34445670435514
2021-11-24,185.0697720624141
2021-11-26,185.46036190824495
2021-11-29,185.45856278658974
2021-11-30,184.9666077206303
2021-12-01,184.94687987120497
2021-12-02,184.93185020338328
2021-12-03,184.43782855351554
2021-12-06,184.424457788674
2021-12-07,182.62760770585973
2021-12-08,182.61464178184843
2021-12-09,182.7227071549747
2021-12-10,182.35315487053782
2021-12-13,182.33805845151667
2021-12-14,182.2936959410073
2021-12-15,181.79845212701207
2021-12-16,182.33589059028256
2021-12-17,182.05179667708137
2021-12-20,182.12059827909184
2021-12-21,182.65560713390798
2021-12-22,183.07052795163804
2021-12-23,182.8898188294937
2021-12-27,182.95246152510964
2021-12-28,182.93359371131743
2021-12-29,182.95300221369553
2021-12-30,183.84433552760592
2021-12-31,181.08685958545016
2022-01-03,181.11171585115517
2022-01-04,179.527712269318
2022-01-05,179.0941115915932
2022-01-06,177.78578733478298
2022-01-07,177.41931449247204
2022-01-10,176.63737385151114
2022-01-11,176.75461959196625
2022-01-12,176.78009303346812
2022-01-13,176.6576928193653
2022-01-14,176.65267639366235
2022-01-18,176.34901154504826
2022-01-19,176.2760868626894
2022-01-20,174.81850474474282
2022-01-21,174.54016580292347
2022-01-24,174.16423795698898
2022-01-25,173.96345270735745
2022-01-26,174.359118146131
2022-01-27,176.42477041920145
2022-01-28,176.3617260538905
2022-01-31,176.48302336304306
2022-02-01,177.92809931492428
2022-02-02,177.9770260500073
2022-02-03,177.87391075338755
2022-02-04,178.56630767033684
2022-02-07,177.92736398309202
2022-02-08,178.68455882495857
2022-02-09,179.12961787687848
2022-02-10,179.89271606861627
2022-02-11,179.55357161009
2022-02-14,178.83108675979915
2022-02-15,178.83087361391958
2022-02-16,177.72782727693195
2022-02-17,177.43000393228164
2022-02-18,177.57723935725218
2022-02-22,178.93775556576816
2022-02-23,179.16264721141366
2022-02-24,187.4662597321947
2022-02-25,187.20755844557038
2022-02-28,188.65816985315573
2022-03-01,197.61482960091791
2022-03-02,216.6764200241506
2022-03-03,216.34465937969185
2022-03-04,217.81386528148815
2022-03-07,216.72615373274874
2022-03-08,224.90860047582393
2022-03-09,271.9949780283397
2022-03-10,279.5469095839441
2022-03-11,279.58412546490985
2022-03-14,283.27852499115113
2022-03-15,284.48080799553173
2022-03-16,284.0295128655273
2022-03-17,286.25205049034537
2022-03-18,287.06796239316316
2022-03-21,289.24266017542783
2022-03-22,288.7194669323496
2022-03-23,290.63472212857545
2022-03-24,290.60012880385625
2022-03-25,290.4535798209894
2022-03-28,293.67865129584493
2022-03-29,293.3858347559936
2022-03-30,293.1093271302583
2022-03-31,294.5988615937674
2022-04-01,294.59728879936466
2022-04-04,294.1421839854124
2022-04-05,294.79043666515116
2022-04-06,294.17033194309687
2022-04-07,294.8168896372297
2022-04-08,294.9027044270306
2022-04-11,297.8915887717574
2022-04-12,299.67346823340836
2022-04-13,303.15461093896613
2022-04-14,303.00494396036765
2022-04-18,303.6097954264799
2022-04-19,304.0084328348455
2022-04-20,304.13665938599047
2022-04-21,306.1857352913632
2022-04-22,305.9061546697098
2022-04-25,306.2926481022737
2022-04-26,306.1648967338294
2022-04-27,305.9022132670566
2022-04-28,305.17421419335506
2022-04-29,305.02201254754203
2022-05-02,307.69117049332016
2022-05-03,309.3978194629934
2022-05-04,310.6213882635332
2022-05-05,311.61788915079177
2022-05-06,312.4801238411431
2022-05-09,314.2398252419345
2022-05-10,317.02991769600374
2022-05-11,316.85359670345207
2022-05-12,316.89661105502057
2022-05-13,316.76243950758044
2022-05-16,316.98685571237866
2022-05-17,316.90473329444785
2022-05-18,317.80741007878873
2022-05-19,319.7569349876829
2022-05-20,319.26790011453676
2022-05-23,319.2518815081035
2022-05-24,318.2593618010147
2022-05-25,318.3658192289859
2022-05-26,318.50090253280285
2022-05-27,318.59152800845845
2022-05-31,318.4931739465121
2022-06-01,318.4547379980252
2022-06-02,319.81786665451597
2022-06-03,320.1288169330744
2022-06-06,320.11384463763574
2022-06-07,319.9031507684233
2022-06-08,319.90997095834337
2022-06-09,319.83906373561314
2022-06-10,322.001593118171
2022-06-13,323.0751247011684
2022-06-14,322.0654989703562
2022-06-15,322.0665777253627
2022-06-16,322.5205754575836
2022-06-17,325.65160381254714
2022-06-21,325.8455275576165
2022-06-22,326.1915671829947
2022-06-23,325.4755749723952
2022-06-24,325.43259246924043
2022-06-27,325.46248614977185
2022-06-28,325.47818923815197
2022-06-29,326.020717610509
2022-06-30,326.05041990626916
2022-07-01,327.16318986939405
2022-07-05,332.10315884951825
2022-07-06,333.1198966645174
2022-07-07,335.21753708972784
2022-07-08,334.9609185677147
2022-07-11,335.0348634160298
2022-07-12,335.85552180935406
2022-07-13,335.81290528753505
2022-07-14,335.83211597808025
2022-07-15,336.12640411478384
2022-07-18,336.3804015882695
2022-07-19,336.30292536840864
2022-07-20,336.2673634120327
2022-07-21,336.3720375936316
2022-07-22,336.45997439474763
2022-07-25,336.5030915637115
2022-07-26,336.21448370789926
2022-07-27,335.6706021016854
2022-07-28,335.58353091127515
2022-07-29,335.54190144372717
2022-08-01,336.4094241487446
2022-08-02,337.9761109687862
2022-08-03,338.2249890808193
2022-08-04,338.0949567432415
2022-08-05,338.42843253552905
2022-08-08,339.3478655683439
2022-08-09,340.8809897599675
2022-08-10,341.7362841474782
2022-08-11,341.8019049916257
2022-08-12,341.80899713190286
2022-08-15,342.1171288046668
2022-08-16,342.1426088947012
2022-08-17,342.24277318553465
2022-08-18,342.3501949846931
2022-08-19,342.3319903935288
2022-08-22,342.2290863843714
2022-08-23,342.2206468431276
2022-08-24,342.18934156871256
2022-08-25,342.2007488843806
2022-08-26,342.3770900090026
2022-08-29,342.40723180018745
2022-08-30,342.87997626140776
2022-08-31,342.89614613017903
2022-09-01,343.06971847317624
2022-09-02,342.58620477090466
2022-09-06,343.464644226153
2022-09-07,343.484715998996
2022-09-08,343.3046933291979
2022-09-09,343.25614719868736
2022-09-12,343.2171326761544
2022-09-13,343.7511464414059
2022-09-14,343.8780426259873
2022-09-15,345.05676302033464
2022-09-16,345.1584307065141
2022-09-19,345.81051515993835
2022-09-20,345.42813709454964
2022-09-21,345.28917989743184
2022-09-22,345.50159050179235
2022-09-23,345.79042707138484
2022-09-26,345.45734806031294
2022-09-27,345.771020299085
2022-09-28,347.42031109736837
2022-09-29,347.54192880407237
2022-09-30,346.9480876974975
2022-10-03,346.98651978389455
2022-10-04,349.0222005639283
2022-10-05,349.0856939375583
2022-10-06,349.39659341044216
2022-10-07,349.38088610874684
2022-10-10,350.29621240412325
2022-10-11,350.1106098356499
2022-10-12,350.155414228749
2022-10-13,351.45459189239295
2022-10-14,352.7841214150902
2022-10-17,352.8588922278675
2022-10-18,352.83821563918656
2022-10-19,353.2830670972093
2022-10-20,353.4538301529191
2022-10-21,353.50075166518116
2022-10-24,353.6162510946098
2022-10-25,354.01218913627235
2022-10-26,355.1663861702726
2022-10-27,355.4122311219904
2022-10-28,355.38424459399675
2022-10-31,355.64175389465555
2022-11-01,355.02787239059376
2022-11-02,353.93510817313677
2022-11-03,354.1272115948159
2022-11-04,354.14080164439946
2022-11-07,355.5324123812091
2022-11-08,354.9086182201097
2022-11-09,354.9758834035592
2022-11-10,356.19683686361
2022-11-11,356.57092248651657
2022-11-14,356.9090247486157
2022-11-15,357.17415953874905
2022-11-16,357.19992859568777
2022-11-17,357.4171529684318
2022-11-18,357.2282256700755
2022-11-21,358.3683142755931
2022-11-22,358.80469325412173
2022-11-23,358.5523445093451
2022-11-25,359.47442303648137
2022-11-28,360.4695898767103
2022-11-29,360.41302794632855
2022-11-30,360.5783584768988
2022-12-01,361.3067540097547
2022-12-02,362.52197333058416
2022-12-05,363.5731242762228
2022-12-06,363.5974063977179
2022-12-07,363.6133179392897
2022-12-08,363.7283625392473
2022-12-09,363.7291306650029
2022-12-12,363.8562570414746
2022-12-13,365.80203104797647
2022-12-14,365.9213627287592
2022-12-15,365.9176778570225
2022-12-16,366.8454868188633
2022-12-19,367.61396678262963
2022-12-20,368.25447406267205
2022-12-21,368.72588077231825
2022-12-22,368.6640250232761
2022-12-23,369.10090415558784
2022-12-27,369.37050406212126
2022-12-28,368.99812121496456
2022-12-29,368.9606368046139
2022-12-30,368.92621574692697
2023-01-03,371.0870274339236
2023-01-04,370.315492808198
2023-01-05,370.63329275077695
2023-01-06,371.81378847388544
2023-01-09,371.8368528915503
2023-01-10,371.98283383593747
2023-01-11,373.35080873572895
2023-01-12,373.5817510808223
2023-01-13,373.68021162550514
2023-01-17,373.78352608383284
2023-01-18,374.07291340156274
2023-01-19,374.095132491836
2023-01-20,374.36573256017226
2023-01-23,374.4556841523776
2023-01-24,374.6773045596833
2023-01-25,374.69423542020587
2023-01-26,373.3081104919487
2023-01-27,373.6934894316082
2023-01-30,373.91257336500576
2023-01-31,373.3851609684199
2023-02-01,374.2726541387109
2023-02-02,374.5765591072111
2023-02-03,374.40421469496033
2023-02-06,374.66254089622316
2023-02-07,374.0389795900943
2023-02-08,374.0203777114488
2023-02-09,373.63458559434196
2023-02-10,373.6330297902219
2023-02-13,373.6774702544097
2023-02-14,373.6734967478107
2023-02-15,374.818545543769
2023-02-16,375.2275847767859
2023-02-17,375.16002833254527
2023-02-21,374.6943660980503
2023-02-22,374.71581740964126
2023-02-23,371.27449796875396
2023-02-24,371.22218819526256
2023-02-27,370.11636227877403
2023-02-28,365.84860459539175
2023-03-01,353.7315360619709
2023-03-02,353.2514679800331
2023-03-03,352.0482483328671
2023-03-06,352.2111649051047
2023-03-07,346.5121087010976
2023-03-08,312.1153222412582
2023-03-09,306.07953096011124
2023-03-10,306.00537501836527
2023-03-13,302.7805931777662
2023-03-14,301.42224548417295
2023-03-15,301.8375715560824
2023-03-16,299.790185516693
2023-03-17,299.3575784380213
2023-03-20,297.06323942398365
2023-03-21,297.2570296330682
2023-03-22,295.016009813793
2023-03-23,294.93518468902437
2023-03-24,294.98768193688375
2023-03-27,292.0504400491196
2023-03-28,292.12166705355173
2023-03-29,292.0504035757253
2023-03-30,290.8190354287063
2023-03-31,290.81669766016813
2023-04-03,290.9084597347228
2023-04-04,290.36075149055836
2023-04-05,290.08401419994186
2023-04-06,289.3693293196679
2023-04-10,289.3299586661556
2023-04-11,286.4997131702597
2023-04-12,284.9953642179299
2023-04-13,281.11493062210275
2023-04-14,281.15436231569726
2023-04-17,281.0885281940868
2023-04-18,280.7216617532686
2023-04-19,280.48250431446746
2023-04-20,278.39624135734607
2023-04-21,278.49997532868485
2023-04-24,277.97533554544816
2023-04-25,278.6069407481927
2023-04-26,278.2690098016539
2023-04-27,278.2937519360827
2023-04-28,278.550842047957
2023-05-01,274.8062991426648
2023-05-02,272.94829865939744
2023-05-03,271.5595430162734
2023-05-04,270.4948097275997
2023-05-05,269.9624315180491
2023-05-08,268.1967706226817
2023-05-09,264.9166573641733
2023-05-10,264.93632853067135
2023-05-11,265.0749614263563
2023-05-12,265.1197157677238
2023-05-15,265.0550762487396
2023-05-16,265.4275241139604
2023-05-17,264.1001793488736
2023-05-18,262.27931908993423
2023-05-19,262.18675220939
2023-05-22,262.1833968601294
2023-05-23,262.5928230181936
2023-05-24,262.47650251197416
2023-05-25,262.465762001451
2023-05-26,262.2273389454707
2023-05-30,262.39773572288414
2023-05-31,262.89027895908896
2023-06-01,260.63309472605494
2023-06-02,260.7150531693705
2023-06-05,260.7813448690921
2023-06-06,260.7639294401555
2023-06-07,260.73270297369066
2023-06-08,260.795737223893
2023-06-09,258.2780069908325
2023-06-12,257.1353679258753
2023-06-13,257.31028443084375
2023-06-14,257.0875760697576
2023-06-15,259.3933954543921
2023-06-16,255.89855395893645
2023-06-20,255.57903227202794
2023-06-21,256.10272089372796
2023-06-22,256.087130816191
2023-06-23,256.59522825182165
2023-06-26,256.47141658370225
2023-06-27,256.6003879374956
2023-06-28,256.47645397325647
2023-06-29,256.4750461083576
2023-06-30,254.77157459429048
2023-07-03,249.14494890624826
2023-07-05,248.43374669211187
2023-07-06,245.45606360832392
2023-07-07,245.2941751202657
2023-07-10,245.05034583530806
2023-07-11,244.06018361119706
2023-07-12,244.10754476657004
2023-07-13,244.70056525928493
2023-07-14,244.64448080857977
2023-07-17,244.56671278192957
2023-07-18,244.57670374406703
2023-07-19,245.21203860344826
2023-07-20,245.12992203890877
2023-07-21,245.33463972271298
2023-07-24,245.7160516133605
2023-07-25,245.4231110225885
2023-07-26,245.2983021421399
2023-07-27,245.0198422975285
2023-07-28,245.0327473716526
2023-07-31,243.51380431931955
2023-08-01,241.46270865809856
2023-08-02,241.81638566701739
2023-08-03,241.5235025654245
2023-08-04,241.32296796895207
2023-08-07,240.15465995231025
2023-08-08,237.50003013189212
2023-08-09,237.68517502709784
2023-08-10,237.7949459962723
2023-08-11,237.8404167855247
2023-08-14,237.30013627953966
2023-08-15,238.28516173505028
2023-08-16,238.00894004314821
2023-08-17,237.80589797198854
2023-08-18,238.1353514564449
2023-08-21,238.49227535709835
2023-08-22,238.49201917204442
2023-08-23,238.69254304371702
2023-08-24,238.67761415756766
2023-08-25,240.59313232437978
2023-08-28,241.19481961134662
2023-08-29,239.71451668586684
2023-08-30,239.50365094166457
2023-08-31,239.32351023961203
2023-09-01,238.92409326800893
2023-09-05,237.42475905402165
2023-09-06,236.99359762704523
2023-09-07,236.94829123717977
2023-09-08,236.99317249851566
2023-09-11,237.50125259719556
2023-09-12,237.5466191973575
2023-09-13,238.4804476109478
2023-09-14,236.92371336165584
2023-09-15,238.177917257087
2023-09-18,236.60606218561392
2023-09-19,236.63270492885263
2023-09-20,236.5422954377773
2023-09-21,236.33470885133275
2023-09-22,235.99056189448675
2023-09-25,235.86384966893155
2023-09-26,235.3332442530525
2023-09-27,232.60824996172448
2023-09-28,232.5030244984428
2023-09-29,232.2688744273422
2023-10-02,232.37443957788702
2023-10-03,229.62355594226796
2023-10-04,229.7274192226363
2023-10-05,229.64676145233582
2023-10-06,229.55570185088848
2023-10-09,228.95086733869806
2023-10-10,229.0305868291249
2023-10-11,228.58014059244698
2023-10-12,224.77033929801274
2023-10-13,223.08077242037155
2023-10-16,223.10343207004604
2023-10-17,223.65810701620285
2023-10-18,221.82712270707384
2023-10-19,221.84856094506054
2023-10-20,221.92501187141318
2023-10-23,221.61305566698385
2023-10-24,220.69825636992863
2023-10-25,217.42540631158673
2023-10-26,217.10596928580705
2023-10-27,217.1627139838742
2023-10-30,216.8260553146979
2023-10-31,216.58510637915953
2023-11-01,217.2028513067088
2023-11-02,216.9870327043207
2023-11-03,217.1226249699031
2023-11-06,215.47238018659047
2023-11-07,215.5415715169176
2023-11-08,215.28108667985097
2023-11-09,213.61370675912647
2023-11-10,212.55282820884418
2023-11-13,212.22631228171952
2023-11-14,211.19552311386283
2023-11-15,210.89665244483385
2023-11-16,210.69236785757772
2023-11-17,210.71446330939006
2023-11-20,209.38336083618972
2023-11-21,209.24012754327637
2023-11-22,209.39966993158532
2023-11-24,208.11183566678875
2023-11-27,206.50880111183434
2023-11-28,206.62938696093804
2023-11-29,206.15782651142786
2023-11-30,206.4443177569411
2023-12-01,204.5276152393677
2023-12-04,202.88448146076936
2023-12-05,202.81172213757006
2023-12-06,202.68134087388617
2023-12-07,202.46446911767723
2023-12-08,202.46321801756991
2023-12-11,202.17180664729676
2023-12-12,198.41467587253396
2023-12-13,197.5375789224637
2023-12-14,197.82781665426157
2023-12-15,196.34762418293897
2023-12-18,195.1035929225269
2023-12-19,193.4973932690109
2023-12-20,192.35386868527382
2023-12-21,192.35805512891392
2023-12-22,191.51280306887924
2023-12-26,191.14041063232355
2023-12-27,191.3250459850496
2023-12-28,191.64279643683622
2023-12-29,191.81378210552197
2024-01-02,189.6063828644315
2024-01-03,190.07942543098468
2024-01-04,189.5785590392696
2024-01-05,187.23268089306842
2024-01-08,186.9983693833568
2024-01-09,186.5648859689436
2024-01-10,183.3549740457207
2024-01-11,182.7146154452634
2024-01-12,183.06686598997732
2024-01-16,182.80532275436767
2024-01-17,181.91368620490138
2024-01-18,181.89371990581728
2024-01-19,181.5338963791781
2024-01-22,181.2980216227935
2024-01-23,180.96002022590432
2024-01-24,180.77733742422046
2024-01-25,181.31120979192593
2024-01-26,181.5297031267225
2024-01-29,181.23921442363394
2024-01-30,180.76880963542862
2024-01-31,179.08703597014505
2024-02-01,178.52885740662566
2024-02-02,178.25451216676248
2024-02-05,177.7872237133717
2024-02-06,177.33598165377322
2024-02-07,177.10901716584988
2024-02-08,178.01111194395168
2024-02-09,178.0142174409427
2024-02-12,177.86648188136633
2024-02-13,178.55378069783484
2024-02-14,176.21777144611602
2024-02-15,175.51884862979725
2024-02-16,175.5326220253892
2024-02-20,175.1690048517413
2024-02-21,177.74798729244762
2024-02-22,177.2378719325543
2024-02-23,177.16945654070162
2024-02-26,176.37735079794356
2024-02-27,175.19543884791523
2024-02-28,175.47131400445278
2024-02-29,175.64173122889707
2024-03-01,175.8205167707803
2024-03-04,176.64760806835721
2024-03-05,175.9630949909346
2024-03-06,175.54098881102274
2024-03-07,178.24346834834816
2024-03-08,178.18460429962786
2024-03-11,178.2327455986225
2024-03-12,178.13632601140438
2024-03-13,178.11773697129746
2024-03-14,179.47563726757465
2024-03-15,179.35777050073747
2024-03-18,179.25792301781377
2024-03-19,178.94764061752795
2024-03-20,179.51984404939486
2024-03-21,179.51815129703706
2024-03-22,179.7762320925216
2024-03-25,180.4596191418589
2024-03-26,180.6552191549726
2024-03-27,180.6662555400519
2024-03-28,180.55116818010012
2024-04-01,183.12391087993547
2024-04-02,182.9425654833087
2024-04-03,183.4182981145392
2024-04-04,183.59783048983667
2024-04-05,183.7104533916536
2024-04-08,183.8403835480697
2024-04-09,183.74757308539418
2024-04-10,184.04846921733318
2024-04-11,183.92797913011597
2024-04-12,183.99026844632408
2024-04-15,183.83575717308307
2024-04-16,186.06050045473037
2024-04-17,186.6337107022684
2024-04-18,188.42260976546717
2024-04-19,188.31055462585826
2024-04-22,191.33018946282363
2024-04-23,190.52782080803462
2024-04-24,192.5870681843843
2024-04-25,194.5361034515849
2024-04-26,194.10287350458464
2024-04-29,197.76941876255492
2024-04-30,198.09587342597501
2024-05-01,198.52147436053173
2024-05-02,199.40130646582833
2024-05-03,198.9549846127271
2024-05-06,199.99321310524343
2024-05-07,199.87980691976523
2024-05-08,200.08937858229373
2024-05-09,199.8952272681096
2024-05-10,199.86403388709402
2024-05-13,204.07903660330786
2024-05-14,204.11705276306571
2024-05-15,204.17853593194704
2024-05-16,204.6722432361898
2024-05-17,204.70882262060968
2024-05-20,204.5977287779583
2024-05-21,204.03740439046973
2024-05-22,203.93476031698367
2024-05-23,204.2364996129963
2024-05-24,203.7788052504001
2024-05-28,204.81328502461062
2024-05-29,205.40346807074533
2024-05-30,205.76449387393717
2024-05-31,206.2220541529396
2024-06-03,206.14417015151474
2024-06-04,206.49243943201165
2024-06-05,206.5917558073163
2024-06-06,206.53547036269447
2024-06-07,208.4069645086812
2024-06-10,209.22937668549505
2024-06-11,210.09458761565512
2024-06-12,209.98149130935076
2024-06-13,206.73099031512552
2024-06-14,206.49706164151783
2024-06-17,206.54636416586462
2024-06-18,205.12329283022652
2024-06-20,205.0680877273665
2024-06-21,204.38380519238032
2024-06-24,205.40601585602553
2024-06-25,205.17430476657248
2024-06-26,204.439006466683
2024-06-27,205.25315111886977
2024-06-28,207.8396379479828
2024-07-01,207.45357236411772
2024-07-02,207.09577273613854
2024-07-03,206.9941338308711
2024-07-05,207.11055884117317
2024-07-08,208.10980280131923
2024-07-09,209.0810205098264
2024-07-10,209.02201686870941
2024-07-11,209.20412837945204
2024-07-12,209.11470235157392
2024-07-15,209.45325294472516
2024-07-16,209.66241567519972
2024-07-17,208.8401590663487
2024-07-18,209.62813312906437
2024-07-19,209.72341761264846
2024-07-22,209.0476808766712
2024-07-23,209.02558727407052
2024-07-24,208.99848080261788
2024-07-25,210.6724972026962
2024-07-26,210.56674545607046
2024-07-29,210.6312175937385
2024-07-30,210.8665028705948
2024-07-31,210.88152806880953
2024-08-01,211.24986231272035
2024-08-02,212.7426364435119
2024-08-05,213.15350168648393
2024-08-06,212.88920300725516
2024-08-07,212.32394317175485
2024-08-08,212.02628187185942
2024-08-09,212.04491685617504
2024-08-12,212.32686299945075
2024-08-13,211.24128462472646
2024-08-14,212.40968596006527
2024-08-15,212.75337228949405
2024-08-16,212.51811033886452
2024-08-19,212.18165590252775
2024-08-20,212.20939641653408
2024-08-21,211.9675631603048
2024-08-22,211.90760171611876
2024-08-23,209.17600825906734
2024-08-26,208.967658407984
2024-08-27,209.09551001507066
2024-08-28,209.2031894419349
2024-08-29,209.29863023285856
2024-08-30,210.24241418224435
2024-09-03,210.85705792036262
2024-09-04,211.83273351664906
2024-09-05,212.19037940050418
2024-09-06,212.1037367323818
2024-09-09,211.4074042492765
2024-09-10,210.39519107869017
2024-09-11,209.12684146072718
2024-09-12,208.85310817148337
2024-09-13,208.01435194954647
2024-09-16,208.04087836616893
2024-09-17,208.05383344795175
2024-09-18,208.04303638941602
2024-09-19,207.9887492556604
2024-09-20,208.16670439807046
2024-09-23,208.20878125531436
2024-09-24,208.21481308512057
2024-09-25,208.23387960946783
2024-09-26,208.322661334306
2024-09-27,208.4080063636771
2024-09-30,209.4777126425551
2024-10-01,209.99992146457114
2024-10-02,209.84671277157017
2024-10-03,209.77936236863584
2024-10-04,209.7921303434491
2024-10-07,209.06686341001443
2024-10-08,208.981114953435
2024-10-09,209.4850546808963
2024-10-10,209.55497493040818
2024-10-11,209.36790821391682
2024-10-14,209.27940897085398
2024-10-15,208.68188424377948
2024-10-16,208.9808134664643
2024-10-17,208.77502202167767
2024-10-18,208.56662443857235
2024-10-21,208.33022744693213
2024-10-22,208.06446953830138
2024-10-23,207.83897958552026
2024-10-24,208.39314346433605
2024-10-25,208.37995811461496
2024-10-28,208.47335806758272
2024-10-29,208.93596360019987
2024-10-30,208.39616844255968
2024-10-31,207.94375940597175
2024-11-01,207.747073149803
2024-11-04,207.52066576463412
2024-11-05,207.56025399262953
2024-11-06,208.28968797379122
2024-11-07,207.6475235932733
2024-11-08,207.3615544718262
2024-11-11,207.1312859865148
2024-11-12,206.75546297425888
2024-11-13,206.7836886256743
2024-11-14,207.60388125816888
2024-11-15,208.23778941427253
2024-11-18,207.7125955322537
2024-11-19,206.90968812159076
2024-11-20,206.6434541578879
2024-11-21,206.47192700535686
2024-11-22,207.92333841669833
2024-11-25,209.0295543449782
2024-11-26,209.00600557666723
2024-11-27,207.71248119267946
2024-11-29,207.71182872903952
2024-12-02,207.70715817637523
2024-12-03,207.76026640286844
2024-12-04,207.73594561938768
2024-12-05,207.68275634065108
2024-12-06,207.7874012855762
2024-12-09,207.88976821331403
2024-12-10,207.75221390305094
2024-12-11,208.32665798473388
2024-12-12,208.02897044526796
2024-12-13,207.97250168258734
2024-12-16,207.50185847586803
2024-12-17,207.50231004257512
2024-12-18,209.50588685458607
2024-12-19,210.16335807667122
2024-12-20,214.61678266798123
2024-12-23,216.45066169720522
2024-12-24,216.10353958557815
2024-12-26,216.86695207254007
2024-12-27,216.94067505952228
2024-12-30,215.92702214759365
2024-12-31,215.53772882399903
2025-01-02,215.74106615906072
2025-01-03,215.2349075240452
2025-01-06,215.419735946571
2025-01-07,216.11050307292425
2025-01-08,216.16449601389547
2025-01-10,216.91578775074194
2025-01-13,216.68801194898242
2025-01-14,216.6334869059842
2025-01-15,216.94406021681985
2025-01-16,217.18131935890221
2025-01-17,216.90672605886581
2025-01-21,216.7201365772691
2025-01-22,217.03634451544946
2025-01-23,217.40171088345215
2025-01-24,216.7350076518558
2025-01-27,216.0173574176189
2025-01-28,216.3589263354736
2025-01-29,216.383551936211
2025-01-30,216.38505277622738
2025-01-31,216.64106871748274
2025-02-03,216.74382380948308
2025-02-04,216.97619770038767
2025-02-05,217.15969191633081
2025-02-06,217.2103860991014
2025-02-07,216.48025020595534
2025-02-10,216.37272171565192
2025-02-11,216.5254129519335
2025-02-12,216.00018510727614
2025-02-13,217.14334324593173
2025-02-14,217.08249012660974
2025-02-18,217.1540769777052
2025-02-19,217.2043855409816
2025-02-20,214.39333424218688
2025-02-21,213.83124304066132
2025-02-24,214.06140976156007
2025-02-25,214.16690008324082
2025-02-26,214.3832376873862
2025-02-27,215.14807551426475
2025-02-28,215.05733544235378
2025-03-03,215.02616603118224
2025-03-04,214.13192551605286
2025-03-05,214.9140744791888
2025-03-06,214.9080628881279
2025-03-07,212.26424248096615
2025-03-10,212.36733315886883
2025-03-11,212.3193460600206
2025-03-12,212.8370365008702
2025-03-13,212.20596252096428
2025-03-14,211.0226114205927
2025-03-17,210.92439910615826
2025-03-18,211.21875737788682
2025-03-19,211.6824381652385
2025-03-20,211.3400822530623
2025-03-21,211.71367909579362
2025-03-24,212.02025002342626
2025-03-25,211.8764579567981
2025-03-26,211.96134219328104
2025-03-27,211.96583252426007
2025-03-28,211.9600944262444
2025-03-31,209.71281239331103
2025-04-01,209.33521180270844
2025-04-02,208.89405461983364
2025-04-03,208.79371930528941
2025-04-04,208.614099720925
2025-04-07,210.68404449748536
2025-04-08,210.43771224365622
2025-04-09,209.43383385392548
2025-04-10,211.10057254029635
2025-04-11,211.02133614394364
2025-04-14,212.3043809232891
2025-04-15,210.4187839019168
2025-04-16,209.87933477261777
2025-04-17,210.10609658558738
2025-04-21,210.2033753680209
2025-04-22,207.70039970022563
2025-04-23,207.4993023946334
2025-04-24,206.19842691487517
2025-04-25,204.58055376924003
2025-04-28,205.1793869475104
2025-04-29,202.08344035006283
2025-04-30,201.86236687772404
2025-05-01,201.13034912507155
2025-05-02,201.42017827210518
2025-05-05,201.5391526442126
2025-05-06,202.06484651117214
2025-05-07,201.43057775735016
2025-05-08,201.5675964779989
2025-05-09,201.68480327834453
2025-05-12,201.94564643502548
2025-05-13,198.3401591195159
2025-05-14,198.060719234363
2025-05-15,198.47932324609138
2025-05-16,197.23952190191716
2025-05-19,197.29081718561076
2025-05-20,197.41540370232724
2025-05-21,197.32592631991844
2025-05-22,197.1573140528416
2025-05-23,197.0571468216879
2025-05-27,197.36271098336016
2025-05-28,196.3449981608336
2025-05-29,195.95350665564985
2025-05-30,195.94416840670056
2025-06-02,195.135745872833
2025-06-03,195.22707854763834
2025-06-04,194.9302258342003
2025-06-05,195.02518230900515
2025-06-06,195.65389562331407
2025-06-09,193.74625160374435
2025-06-10,194.6247563529386
2025-06-11,193.42007692447052
2025-06-12,193.43463810451084
2025-06-13,194.20080433781405
2025-06-16,195.25525043140004
2025-06-17,195.58228489135118
2025-06-18,195.79732552966556
2025-06-20,196.38498795040243
2025-06-23,197.05165943279172
2025-06-24,196.79572055076446
2025-06-25,196.79426678225778
2025-06-26,196.43077495014498
2025-06-27,196.07071660402198
2025-06-30,194.2819439700143
2025-07-01,195.02889832853785
2025-07-02,194.78452136717635
2025-07-03,194.84659191589301
2025-07-07,195.74596833236777
2025-07-08,194.7270780911691
2025-07-09,193.65344206098612
2025-07-10,194.11584394310046
2025-07-11,193.4223774342729
2025-07-14,193.07628297287116
2025-07-15,192.6082494501459
2025-07-16,192.39341664443506
2025-07-17,192.41966719910405
2025-07-18,191.78542626927035
2025-07-21,191.77612810196788
2025-07-22,191.77430643048405
2025-07-23,191.85595029401634
2025-07-24,192.49011567508006
2025-07-25,191.07709595823343
2025-07-28,191.56294337391182
2025-07-29,191.95452925146336
2025-07-30,191.63657605157113
2025-07-31,190.80381633727936
2025-08-01,190.70941169718833
2025-08-04,189.25446198087087
2025-08-05,189.0439400447817
2025-08-06,191.04959421834866
2025-08-07,189.18393249694884
2025-08-08,189.22052270044142
2025-08-11,189.34866762945097
2025-08-12,189.0798582945339
2025-08-13,189.11525850813834
2025-08-14,187.9663324114487
2025-08-15,187.54880267264497
2025-08-18,187.3671505037661
2025-08-19,187.61804834230696
2025-08-20,187.62709288678508
2025-08-21,187.5896431221691
2025-08-22,187.57113876307696
2025-08-25,187.78290831019953
2025-08-26,187.80168280292267
2025-08-27,188.21481407213548
2025-08-28,187.93153952600377
2025-08-29,187.84478318553263
2025-09-02,186.8578078714694
2025-09-03,187.41173214091643
2025-09-04,186.5478752701604
2025-09-05,186.11872779146228
2025-09-08,186.086222092298
2025-09-09,185.89669450480207
2025-09-10,186.17428640249562
2025-09-11,186.71153928374872
2025-09-12,186.71270712462592
2025-09-15,186.09350031192463
2025-09-16,186.02603391909182
2025-09-17,186.05692680332936
2025-09-18,186.12545835977255
2025-09-19,186.1257348426841
2025-09-22,187.04605638576666
2025-09-23,187.07174518466255
2025-09-24,187.9589749975322
2025-09-25,187.9789908226759
2025-09-26,187.77171802332091
2025-09-29,187.72139996728805
2025-09-30,187.31764571992795
2025-10-01,186.22372089254256
2025-10-02,186.80665182427572
2025-10-03,186.36639314896112
2025-10-06,186.5413741118903
2025-10-07,186.5517487428415
2025-10-08,186.6179271633372
2025-10-09,185.96432146452815
2025-10-10,187.07146623241434
2025-10-13,187.05360687227446
2025-10-14,187.04022074986335
2025-10-15,187.08606818407688
2025-10-16,187.13868523070067
2025-10-17,187.2114823816538
2025-10-20,187.20594527963414
2025-10-21,187.19883509051638
2025-10-22,188.51712703364498
2025-10-23,188.18931318555758
2025-10-24,187.72100754688338
2025-10-27,188.86360811223835
2025-10-28,188.97731046569746
2025-10-29,188.9440411007025
2025-10-30,189.51439143806033
2025-10-31,189.56592983011961
2025-11-03,189.6974587595592
2025-11-04,189.66378005447888
2025-11-05,189.57784360620164
2025-11-06,189.57488530559917
2025-11-07,190.09272305877178
2025-11-10,191.59957148249563
2025-11-11,191.59575799699937
2025-11-12,191.88447015743375
2025-11-13,192.18504285513208
2025-11-14,191.52796727182837
2025-11-17,190.9760196705699
2025-11-18,190.97309053484136
2025-11-19,190.97556088988526
2025-11-20,191.5553238645775
2025-11-21,191.55412576610738
2025-11-24,190.1958962108211
2025-11-25,189.00398711080328
2025-11-26,189.174316876439
2025-11-28,189.2211353057119
2025-12-01,189.45522100949577
2025-12-02,189.652962414531
2025-12-03,189.88045452514882
2025-12-04,189.96191242962652
2025-12-05,189.95883766871964
2025-12-08,189.79697529728546
2025-12-09,189.7177813419773
2025-12-10,189.73474883639597
2025-12-11,189.80207089793998
2025-12-12,190.87473442162266
2025-12-15,190.8382124480355
2025-12-16,190.8807525990497
2025-12-17,191.6744758807136
2025-12-18,189.45209013643722
2025-12-19,188.88993208439072
2025-12-22,184.22735005804506
2025-12-23,181.12870646253955
2025-12-24,181.18874223153227
2025-12-26,180.25987660294592
2025-12-29,180.8341589118844
2025-12-30,180.11944951230842
